address,balance
0xED99C6929BBA505a2f1A65B9cA156A068faB6427,29.223394480263758386
0x38A4D889a1979133FbC1D58F970f0953E3715c26,10.0
0x3680EAF1f85BEc9f120bCAAa9ef469fb849E1781,4.02965537319817275
0x6Bf97f2534be2242dDb3A29bfb24d498212DcdED,3.9
0x6f62Ba4a7d3C43E061fC414069E965065d63C40B,3.296219418481395196
0x4F8635f27b193B30c543469244ec40D78BB9355D,2.824168242501343539
0x8552Aa9dB5BCAA56D41411a4800309d7D0D35E36,2.390080795292284847
0x99F229481Bbb6245BA2763f224f733A7Cd784f0c,2.3
0x0056D1fd2ca3c0F3A7B6ed6CDd1F1F104B4BF9A9,2.17886774611059421
0x683e39C5c4C4107FDE790aaf9e9661Aee340C699,2.161516073739793223
0x28d804Bf2212E220BC2B7B6252993Db8286dF07f,2.065590674058630187
0xbA681f15A7bAcB49Ccf4A6577F2b522869db90d8,2.064808439844051007
0x52E284276F9B0d5Cdd33F71bA11448F9126Eafb4,2.038183642388500797
0x1488C8fE2A9A54e56Ed6c5905Bf7Ae4a2629AeDe,2.008221720721744266
0xB53349160E38739B37E4BbfCf950Ed26e26FcB41,2.000805342153033563
0x9fFf03A69aB706415F425c21820b4644D2577F7F,1.987261843049611939
0x4d72D4269Ab46962713ca19cAb8161A87684A163,1.8
0x13251cA36c34cbff1Dbd58671c72eC5610367c8E,1.718981112546462654
0x9DB2E7837632e3f2FDDA0b13178627615B912079,1.654880924218842254
0xFDb7a079EECEdBc94f52d1cef1606bbDBFc8ec55,1.603346235656382355
0x2DD483c2fD8eda086833f521371290823EdB38A6,1.451964306807607168
0x5F43Cd8B5Eead549de4444a644B4Cb425A4ea5b2,1.406940668948320394
0x78993bfE37DA5a8DF2D5a8d7213A41c26B20B49D,1.251
0xc853215B9B9F2D2Cd0741E585E987b5fb80C212E,1.220822006844961184
0xC9341295fd754D829a5B5f272F644A257042323c,1.161707242690387422
0xBa71dFe1801d125Ba201e8beBf7f0b9764d4b19b,1.15571149981322992
0x93f0bA8e3eBB162D5Ce69b3DFd1E420e8C7cF38b,1.14288643340752692
0x0154d25120Ed20A516fE43991702e7463c5A6F6e,1.050346149513944404
0x4d6Ec72e70c1A9C74Cf75a357E05dFbb39825d2C,1.036498495386532981
0x801a8B12c6A6bd62DAd7f2a8B3D8496C8D0857aF,1.03332620626026872
0xeF5e089fB126AA0207Dbc6ae619C9E51Eb3bAAfc,1.018096610784588116
0xf69EA6646cf682262E84cd7c67133eac59cef07b,1.017
0x512fce9B07Ce64590849115EE6B32fd40eC0f5F3,1.012150557614573764
0xA2B950dc320F67bffE5824Af17C665B1Fd3423Ec,1.010531581669559283
0x40e234f653Ac53e94B1F097a6f67756A164Cdb2D,1.006865060269882856
0x04EDE46C36E138daEE85B7E1f7711fA8Ee908B00,1.006717606407756133
0xf7411A3F727b36f56ff3A871163c21E56D672656,1.00405669890338233
0x8383b9a512F1c0E57CD015B076372b2844859E57,1.003881337896640789
0x89f42ccb1B90103A4b886Cc8ee01979492808079,1.002
0x5AEEdbc6b655C13950F32E5E8a0760D15Bbe0Afb,1.000046602053488355
0x8aE6422631292c31aeeB2efe154d6326f703F46b,1.000012449763983086
0x1bB1EDfbF2D183Dbaf32557C63b6454daEc2A0e2,1.000001710227284088
0x0B7ca038408453Bb39F38eF5f1BC0d5eA01Aa8E9,1.000000000000298719
0x0B1FDB90501286ebe6087b6660C3a48db9898FAD,1.0
0x370Ceca4fC1287ED99924bbA76259F6C771A6022,1.0
0xcDc7e83299fF3856279b0730860227b42138236F,1.0
0xA97FaB8023759b3C16007710591907E6137F8fcf,1.0
0x79ba5Fe18A5A74771497d0aA64b3F469FB47274f,1.0
0xA41cF81677dF4B26b4373F69C784e3947Cfe084C,1.0
0xFBb3a85603C398Ff22435DD40873EC190134e1f6,1.0
0xf0e7a1Eaf67a65468BB9337834acC9cd9040B996,1.0
0x897A80273Ae5a5D27698A178697965bAb57bf5a3,1.0
0x5b8C253517b6Bd003369173109693B01cb6841B5,1.0
0x6dD76c57fa2cdD027C4dCE8b62ffBBBB08F01849,1.0
0x271A20481843E0244678C5EA0983E74A2285DCEA,1.0
0x72Cdd6b287b25ce77d23E7cf62A051e1099660E2,1.0
0x0574215B0a39119c84Ca17F1EC83418EeB5aDa8e,1.0
0x3eeA56530bce2De4183cf7a4dC29fb6C84C14335,1.0
0xF413aFd2992Dc52c27D0cb5467cC4909AD7b3e25,1.0
0x1501cf2e9afD2624a485e675427609a1932772EC,1.0
0x31e3195706ed3c1961674EAf26B5072ea5cEe8b5,1.0
0xfF4bb7c94E96faFdf48667e4ECED493590ea252b,1.0
0xEd20d792D027957F2FBF606b575fdFC6d85112af,1.0
0x91dCCAA260CC4616E1a6e6b693DB7207C5E42937,1.0
0x899241b0C41051313CE36271a7e13d54c94877A1,1.0
0xB630AbD9a5367763B7CBa316e870c4A54064CC9F,1.0
0x42F3f76Ba5202D7A4C48fD428B5613c657689BCC,1.0
0x1cC6dde2e2ee21f89a8719Ee87a5bcD5C74310DB,1.0
0x46e449a3f88D0E35b4520bC36e8DFDA195c896B0,1.0
0xFC33080E56aaD6D5856B46F206d2BE9D70366ca5,1.0
0x268D3a8C4701000546dd0BF959BF6C8956CC3e5E,1.0
0x86B2d8D569D41F09152D80008827127D16D6267d,1.0
0x7CAF427B0e5d2fdFfFC2475Fecd791A8D22Dc898,1.0
0xCe06cEB3e5DE4E4b0b727501fe1AF85C228FBb87,0.927187216676372368
0x2fDAF6870c7f3755C20f4AFB128d9Ee78d583167,0.895269471686304868
0x54372e2b338C4bE299B75CB54D914822dB32A63F,0.800971781771327919
0x426b3afFbbE924E01575d5b3cb9dc640625bBB49,0.8
0x1A2B50BB52B322b50d3266F4Be8e43944D967e94,0.748846646839486054
0x59241F5E850a9cE8A215A49bB2A7499b31296A94,0.699856562457321414
0x7a11156Cb1C4CC4fF64dF0C627ecC0CCb99F805F,0.649338133932739024
0x7f3D32C56b94a9B7878fdfAC4F40Aaa2A6E11EdF,0.62262662805221702
0x6959754dDe646F5366A80cCE848daA606AEf7F16,0.500002700619533638
0x65FC2b75D89C5B0DB58Cf8290b86af1fd7f4549B,0.492441489655301091
0x26bb26f0BE1B1a0735fA2460Eceb95E983EAca59,0.437122465844006248
0xbf71FF2a9Be34Af7194Ae2e6F3759B663643A49E,0.423363166584398812
0xe0D920af4398d5618B03B992c9B18D4E2cC5AE9d,0.403159717178620319
0xE552C8b322a25BffA296755FfDd55EdD627fB454,0.4
0x653d63E4F2D7112a19f5Eb993890a3F27b48aDa5,0.383923186522784018
0x7Fa0bbf4856BF37Ea8d0e9D1B47514AbF17BEb84,0.372559456297407096
0x1B366f42D0478aFf04C77105B4E994fa574DAdcA,0.364031994792989028
0xB6647caE065c321e75775B50a25fd54e9ac5C436,0.329589891245821239
0xb4A3f907ec1611F22543219AE9Bb33ec5E96e116,0.325552535158656315
0x25054f27C9972B341Aee6c0D373A652566075431,0.303924352238562008
0x00C67d9D6D3D13b42a87424E145826c467CcCd84,0.296351508657290691
0x2cae0Ac9a7A7048516868AAd672C49AB632B38c8,0.29483989759742917
0x0f97f6097f001Eb4D61F0d3EE049C8Ef1537787C,0.268928168652664931
0x842411AE8a8B8eC37bAd5e63419740a2854E6527,0.268738702845959668
0x3Ff8141782b6D3073251e99a7392fDe3Bf72871E,0.25466367727550218
0xE2763df5eAfe829705f2B49a713b887d3b208C02,0.244164401368992236
0x000000bd31c24A2bd2835028c8F1E4D9d3f37108,0.24295228092626634
0x5b47b64B852354de153ff36C372Ec8EC6550F8D7,0.237464557970742629
0x75b58dA9E5c601a35D1aECB3b873396062D5eCD9,0.236839469327922469
0x966D35960C00c20c1911Bf2692C278267aDd139d,0.235121275392362171
0x549d5D37e06CD2C99063Cce097A229414557BEcF,0.226207377298893371
0x3d03F8Ec826df6cEf898AdD75E0bba67737C2375,0.2199759
0xbe02640EE22518Da2110768e35EeF33Beb773845,0.210050281665017428
0x9008D19f58AAbD9eD0D60971565AA8510560ab41,0.20929103143618456
0xcadB043ae3909cd356D307D9414707BFCbe74975,0.206310616318930527
0xe9cb69c7Dc0f8ea5DD2722010fcc59c3Cfaa68c0,0.203470334474160197
0x69f9107f2Ed3839025701feF9e11315562c87278,0.201
0x287dE0C0cF2E515b55c6e77Fa1279be8693f79fD,0.2
0xEda2f39D1fA6C7E3eFDFd28eC8A38e808CB062e7,0.2
0x735Fa543c878997ce1Cca0011e20E17dC4c61B6c,0.194054441068415168
0xc3B45647F996c4c50C7aD453e5c0D71Aa7316D29,0.178903628749485502
0x93f32e3c4222B313dadfE83B778F0d4d73c20714,0.175215264655555365
0xB32473E0a7862D449BaBD49D54E3abD27c1d3FDB,0.173643153196223994
0x23123f6cCA6a48455aeF2F658c8F929FBeB18666,0.171078358166462475
0x6F4C0AcE5B596A560a69Bdc1336BB3d5Acb124AA,0.17018446803453338
0x55e9EceeBECb7C10cC7fb97e44364fA803c15Da7,0.162776267579328157
0x6Ef613d5dD428EdbddEC5205576ea1f6FCDcc634,0.1625
0x1A0c24c501D63745580118978D95a32e1Cd541C6,0.15
0xAb25Ba66c8D5a66d8AC878EcB60Cd2Ac902a68c5,0.15
0xFeECD74F40E0500853610e9439E8160FB5C6E670,0.15
0x63B0721980b645E467624EEb4Fb92ac7319587e8,0.15
0x98699F0D9DB2540826442A8A0BE2f2BfF6D66401,0.15
0xab9317A3d1C141be550112e1187294742EF3CD77,0.141415723420204434
0x75B1F060be9EA50B2181a00DeE0D43Fdfc13b834,0.141306636323408572
0x10E5fDFc4f07b9747A99AA2aA0E154011c84A9c2,0.140913983812300124
0x012E168ACb9fdc90a4ED9fd6cA2834D9bF5b579e,0.136854775122438972
0xEBeA4C9BCcaFeBC35Bf26688B0B103072a193779,0.134070354433314286
0x86bF06a62dbeBA8C9461f528A7D1b0cACd292D24,0.13
0x828355119398B77D364F41EF6533DaD936d5B5C1,0.12926480471864054
0xC3598d91844B061195136600AD243b077Cc164e2,0.128390980275718574
0x9c966b06b5E422B27D2Ac1967e8387Fc5deB75cb,0.127778531183792176
0x2aAdd3A06E55f2622B50da1213A7cdE575A8c58a,0.125669467730646834
0x54d54846AC810f45F3c8fB2C301179f8086E26Ed,0.125056707803053247
0x88004A0F6E7dFc2EF21C49b614Eb0a3569e29525,0.124688818767095523
0x2d5671Fc042bfa559382423f4Cb56d6612F00B36,0.122082200684496118
0x07324F2E081e5D42F1E036aa38126f8ea39f9F17,0.121649391860340888
0xF10A0ffa1af738d998ea2142Fd2eCa9E62384D99,0.120636613116627775
0x7Cd0aE2eba68Ba9d57b518e064Af28730F156c9E,0.12058887497910489
0x68d8d742ABfD6c076107d88f0Deb4823C39B1519,0.119577381056468595
0x02499B7B592820C7889e9dBE15A15d314c811CE7,0.119131141587604241
0xc080324F33D5a591BFB7e7D504E62D20C7EBAC48,0.11877694237693208
0x5331955Ac5f350e96f7E0a9418d41cBBeAa819d9,0.11795597850038521
0x199d68f140C3Dec500F80b0198Ca7eF55D5E587f,0.117683651813690745
0xE56a354b83a748A2aaa6b8fDAA293d9f891BD388,0.117379196483201065
0x30B733987Ac8e029d69d2d1ABC2Ea439eC37d495,0.116900922540107424
0xA88697d2aDEDecf847713764Ab55b629eD7789Cc,0.116122998081767054
0xCe57289c4a2cc16a3D1ce43B69218679C52eb5B5,0.115910998751805458
0x2Ee7aA3BB42C4E4Be51aFF77c177e7cCC8d7Dd21,0.115463558124509547
0x91db87E43A6e07e0daeA3b604213d69Cca665805,0.113365302181762143
0xbe79888CBc6F0ad800B424Bf08936a5B5532c1E7,0.112064416673525966
0xF5BCE5077908a1b7370B9ae04AdC565EBd643966,0.11138813
0x87cdacBEC845896b11D449884B7430B89060bBa5,0.111
0xAC53cB23B42c05aB5fe7e3790ECc88fB3A36D4ea,0.111
0x4266c27919f4490f136FB8519f0E8F4E45349048,0.111
0x57bd4e6A4c36A640FA988e65607582f3dfBC937c,0.111
0xda6ad74619e62503C4cbefbE02aE05c8F4314591,0.110709507064662641
0x1891A9a95F6466364d097dbe4122A4e98D74d211,0.110589612658579267
0x20335C504A4f0D8Db934e9f77a67b55E6AE8e1e1,0.11058550041314678
0x221208Ba3781c1AAAEb5E31F1670d42ec3550020,0.110557442342423569
0xeA823839E78eE418ec0152596F0EBf62096Ce8C7,0.1105
0x13B3A50F3947476eDa74FE191344524E2d2D28e5,0.110459183438371715
0x10a9Ed20Cc61CFc9416AF8e2b2a6faC969CD851c,0.11
0xE741f716049dE5514E8304B1C666ee2B18F7027E,0.11
0x82348cEb0e3123ceC1629e65f1A71DFd22e09d9d,0.11
0x18FF30d8D6f772019D4b936Bd6Ff5a762f1BA262,0.11
0x3bc1847E394E1F39Fcba917a5e407FF6B238Afa4,0.11
0x7C6553933A471b43cE3a76A02245c5162C82522c,0.11
0x2e2a5f6BAe8DE7606d9174F6A4b0acca62A33Baf,0.11
0x265F4aA6fA5E8FB9B76fe465C4D1E00FFE167d22,0.11
0xFB97A081efeE4aac7B2BFa162A0ACA7d816648bb,0.11
0x4d03a186b3c7d039Ff9A212cD8E81dC34a670B35,0.11
0xC310A010E9349af5Dcb8804C24bdc2B19b017d11,0.11
0x2fD1fd25eE243103179bd046777928b0f4882E1A,0.11
0xFDDF7330DD2B2C6A06769CAf1438B84DB469AF48,0.11
0x46EcB3F576c31290E1A4b359fd993e36E86Ef9e1,0.11
0x4Dd91f366E1Ffc6BfC88A9d2aF682093C9E24b0F,0.11
0xcd55aC0917fC01fb05600524c7980567D3Aff8D5,0.11
0xaD63E4d4Be2229B080d20311c1402A2e45Cf7E75,0.11
0x3fc5b7D16ea69B00819d7873fDFF70F6712FD0fe,0.11
0xDF93d9904c0E8cd2442FFacA484E7C2e77f3408d,0.11
0x8EFef6B061bdA1a1712DB316E059CBc8eBDCAE4D,0.11
0x9837C114De79C730334882f5791Fd9222a73066f,0.11
0x8e9d68882B1746951C607E54fd68b23Da5fDC941,0.11
0x20c75587792BD5BfBe96ABb680E9fAEa5B3edd9f,0.109999999999999994
0x8f09F6be60bCD68fdfD437aa7A826627F6704c26,0.109546522912434914
0x34Ff7D54E31D0b31Fe1f0263D4a4d7dB39a849DC,0.109541108564611581
0x4DC0e2040bCA9fACcf5333E2CC765301f11F2a7b,0.109486243499278438
0x00695c7FCD8eE1517adb85c24547Fc792613A5C5,0.109450342473624357
0xC917deCc0A56A1EFCE1A66acc19Ad4884c7fE16d,0.109212858991834578
0x616ed054e0e0fdbfCAd3fA2F42daeD3d7d4eE448,0.108849771439198747
0x76149d87A6bA9eA3c864d0643210e71393dD7777,0.108665522036641697
0x6709B6c55bD565b63248aCc3f98c6e194598877e,0.107819110162149604
0x985116F8C174fE13325D36685424d1796cC11f51,0.107621908392011026
0xfd2AFED55F7cF1Fe491A585498657EFE6A31227e,0.107538837972741225
0x16590fC840c195742d61DD160C19F3825E820c59,0.107535926276828801
0x1028483735F79A7D7C2d35F1988406e7C8594f0b,0.107447639332030704
0x71BfE5647AC81A1D7AFE5C6995d17a19e87a80e4,0.107188244592033321
0x7dA940212642d20862ED2f479A56Cc3eb1Ea3c8c,0.106830535180827044
0xf2b15320DB6992Ba49a7563e50E888C20Edcbe3C,0.106434296017642899
0xEF651AeB3f20Ee4e2bcd22e111D202CDE25184bB,0.106261084011762695
0x3B410AF25d51CE5a21D093842e452B0d7DE9ed59,0.106172780683726081
0x9dE2951107225D28367FBd5a40659b4A409aeB7A,0.106
0x8397e2d5Fadaa6e0817e376DF5BA1D016A2F804F,0.105970447564473357
0x31916eB8f4E672483C7c8B1410279327f1f440F9,0.105616511786878099
0x6F4cC594AD6e21635a75E0323Ebd519c2Fb6a6bD,0.105559627230272453
0xc4f88C35Bd1485C846847C093B5a77a126cf1b05,0.10539549980114025
0x6bd5b7a292De14595e5b498fBEB64E8E821054aC,0.105387149700418282
0xc3A8b0eE40098E32C1d749EBcDc6C144ada911CD,0.105328934228204448
0xaE77719E9997567951Bc08e6E42F885798Ad4B71,0.105198141404196299
0x70e582Ece5cCC929BBaF6B182fa349f1cB2bdF2c,0.105
0xEc1625f0Be12B31d8edfdd165f7750eE4630a475,0.105
0x5502E750BD44FbA15b63cF87b2fdbF74b226Df74,0.105
0x79d5347E03D4BEFB92a1374039f1998658D75d1D,0.105
0x22D91FfEd9058e50cF5d4bBBc18d1a9Da9862215,0.105
0x1795dEE42dEc2705f7a228FE0E62cD0a143A8De3,0.105
0x1AFB7ba8e4cF8DdF7F057484DD6A8695951f76F8,0.105
0x38EcA4341eBCA855BBaBaE503A013b62200C4Ba6,0.104994132459206207
0xDe30040413b26d7Aa2B6Fc4761D80eb35Dcf97aD,0.104989313180909641
0x4041E9d98f794EE7d952d266C1A10707A0Af5332,0.104979336702571739
0x1760e901c06E55DF5b3aCd1e75c75d6d5a7f2b7D,0.104956355438060984
0x12a33655C56A04Bcc370e417ad70ac1FE802c223,0.10458134408772992
0x1E74e3B9aff3180B8Ba336c86e45D591974Ae11c,0.104452102928336422
0xC36350c9e67e0a50bce08DE115Bd455d31886bEB,0.104343827795538348
0xDC0040f4b2445269681dBE0195309225B061f05F,0.104334274447841674
0x440b4a49248F25a9cF514aD8c1557CbF504ED5C4,0.104216267475566043
0x265629128496DF0a84442c4eB317E282540AE104,0.104030646495078446
0xD85b630490f19360Dc555F0d89B3bc8ab3400389,0.104
0xfbaCCDD8867fc5d6C3b4AFc3b7edf1c72313ed98,0.103752759636992027
0x1b8f04d48567ab20F7dbE3A191CD0d3C2826BF7b,0.103742123171852246
0xc492Cbb19Aa66B829BA5ee42FB94E73BC724A6F8,0.103648678837643277
0xc400f2176E9dB5aE5932DB7f3641ccfdc271C167,0.103521408202372422
0x3Fd3a044550B9Ef56734a070138f6b4130AD79E5,0.103386452834562904
0x2e78C7454F6395ADBAC09394E65f68ACDa44e357,0.103272395187242852
0xb6164AF04291D3AA4051Ee78943618318E3F5cef,0.1031588550699929
0xB0659BC97eD61b37D6B140f3E12A41d471781714,0.103154509814515869
0x05C0498541807D238450690D4d8A0149e0a84E4F,0.103060648435786291
0x59b429647fCC0a29166BAF2707Db5D61F0572865,0.103
0x9c6DbE28Fc1a2CCdA153D2b74825f51874E54dF8,0.102969303901360473
0x48A5e9562e6F2E6E2908Ed96e735aF254e2BCA84,0.102831394380526093
0xF6852Df0c0A18AC3a4CB4B5D470895F86d3861CE,0.102803221977112107
0x5eFf77571184427f5A9E951597571B5259820b48,0.10275407282485677
0xa4b38125463E0db82fFa68529DeE681E4Eb7A726,0.102662154136337526
0xcC202930867769A83B61cf5053b65D1845E76Aea,0.102587574966262914
0x26D754f9ae6F65c43d63b62E6ffa0c8ed1219DB5,0.102481886232657819
0xAC1e070Cb58832b374AfF6817E823a7ADc49BD3C,0.102473305427313874
0x2C3a02dE88787172A17690Ee87B9adf3cE6B1670,0.102444381445477423
0x74542D2F304187354237bC15b86f50753DD1b31E,0.102334479763638773
0xDdE7b1103d7Bb19982ef9c6d9a348a0C0ea7e132,0.102302775168108069
0xE6ff1989f68b6Fd95b3B9f966d32c9E7d96e6255,0.10226330722588066
0x53D290220B4ae5cd91987517EF04E206c1078850,0.1021
0xB78994Cb15815d77A0320Dbe8196F113043E70D1,0.10203479456782518
0x25fb8461cb16990C74655A96a7f2195aAEf2766C,0.102
0x3D9Fe7337F067dD52D1DC8cB45490b1ad6C2f65b,0.102
0x8660406a6302Ae7C726cB4f3c24442b8BA49748b,0.101717963122409742
0xfCf9934346B4e9822276d6a37af700c81119792F,0.101388133789664078
0x33e6f5f92272f8dFc7884e54C03ED1CD2b0F3C5e,0.101271225736516975
0x6dC1E397e32F0051b886E29D2245499562958D24,0.101237711585646356
0x3e4399B25B31E4b2B02268da9b51AED41cA305Ca,0.101144123595048616
0x078E88E465f2a430399E319d57543A7A76E97668,0.101122849600869649
0x240Cf70D8A648BE133fEB342D71E5e81C686e5f8,0.101093212018571909
0xD799F16d365bD525e0Cb0ed625c499b220b70cA8,0.101000251519268496
0x333a706e99421781258b71f3690078D1f21090eC,0.1010001
0x7fCcb0a1281AdEddD580AE5B605Dd5831e6249C9,0.101
0x10DF7B4FAcc0B05cb4C69205cF37E911CdFaF19D,0.101
0x38C8Db67047146F9B0e6e185Aa57EAEB67c6F1AD,0.101
0x70B69C166D8e61e29b0047Aaaaf6e45E06243C18,0.101
0x9a06C375A91043093fEcF781660f4391eB9229F9,0.101
0x2FD2ed8f261cac5083aF5A24Bcc720981F7018b1,0.101
0x5c5db7258Ad8FeD401D2474cB6b84AcE9CA01a65,0.101
0x8E5A6f9eAf8A23AFFEB7e3Edc2c808AC0c2b4Fef,0.101
0xFC09FeD920373E233333cfc5236872C9e4eEBD29,0.101
0x943AFcA09F9D3CC1B8C879E8D314DA0b77dd3714,0.101
0x381C16FA8e6eA13e7bDac6ff7b8c528e590379A7,0.101
0xed9a5665b7eE10f85627c5C4089f9d042a02753D,0.101
0xd5a9C4a92dDE274e126f82b215Fccb511147Cd8e,0.101
0xd4A645268CFE2806De8a3beF82c1FA79c99b1e1c,0.101
0x43afdF4acd587b41b40693e820de52Da010A1c19,0.101
0x9C086275822457E81Abe4520d3E73fcdD2905733,0.101
0xD652A6591C71236d20c75B68C6244D5602927a8e,0.101
0x6112285C73c8385DEfb50BEE179573661084271E,0.101
0x4a795509a521d22123A66317708698e81d147714,0.101
0x527d968af4283F20924c2e5b8dFF867Aab566478,0.101
0x1F1C77c5ee5a3f876B85c27F3b242cA776A3607C,0.101
0x4e16227ccf35Aef1736e079292d94a0f625e3DF8,0.101
0x662C2C14713aCE2FFF7b147bc9C6EdD645fD474A,0.101
0x89a2c39eE96AfeC378a22096a5A44C7Ef2E057bE,0.101
0x073587790AE03769e38F221cE27475D213cc1CB6,0.101
0xb9cc07E9a91653adF11dB2B754b23207a75EFdD8,0.101
0x75331eBbE0B00b97cAb532384F13c9B479F074eC,0.101
0x7ab8b5F49296bDd039B31233de4ee556bd6bBe94,0.101
0x91B6fb6848cc5B80c75B68f9Ab7066e378D36952,0.101
0x442db6F41184e1b0D9b051C9a2aA169dDf3d356c,0.101
0xF6C5b3E71391b71162bb8fb70c11F4bd2CE46F74,0.101
0xeb034756a209c6b2d2afB9811302d8C0026c64e0,0.101
0xC92438ba1A2440Ea41d50f11bb98454Aca5002b7,0.101
0x9f616504325EE8E826fE784351B11EFbd0EF0120,0.100990001
0xf03e99808853D96190D8eF76910414173B552E08,0.1009
0x86BE7c25942C83584F257629048A89cEf316f0BF,0.100871945935601461
0x7bA7F7BA93ED40D18b7783419081B6101E47ff0f,0.100848265822296004
0x89b7F3c7B61Ca77CDf515095Ff194dF82636F2F5,0.10071958111276035
0xa53A6fE2d8Ad977aD926C485343Ba39f32D3A3F6,0.100697479693301838
0x9dBd781eEBA135aD2A779926880AdC89196A3265,0.100666111026511425
0x2c7829865824a3bdb82F4d28ab3E12eC86C6a9eC,0.100643358709513279
0x6299569aDEeaBaCF5556310Be3BbD7367DbD25d4,0.100641012347838823
0x3238934316238ebBdA1ffb229ec9A37BF66C5564,0.100630150099807334
0x4CFafc36Ad78ea619f5d6672c8C046706FfD7372,0.100533703828539741
0x1cF54b443CecdA6e802806b675bB5d525cC1C3D3,0.10049481147996713
0xad1cc527e94F15B47af2d54949912986a028F6C5,0.100484049517151011
0xb622ea682c54B56261C4D393fB165746FFe14010,0.100479683807764043
0x1c29dcaa0CAd96Ca3f60D414C7E2e47c99Cd7bDD,0.100424498075837178
0x3783119553a0461A2ecCF6097da901E064baB2b8,0.100408265118547261
0x3329Fe98EAF81fC2c76bE94da0e1aa4617618197,0.10023988919625358
0xC9947B5856fF7957fca84d5AC6Da1F5f2E7d80Ad,0.1002
0xAa17fA49FD882097cE162feF54d312750C7508b2,0.100189563981894264
0x4a8027F3B0D382969A8af57D7d5000Ed418D3998,0.100158905509887366
0xAd291372e54970F2302cFD3bE07e801C2a367C84,0.100109739463077575
0xc82DB2B0594e5522AF5e035b332b957F1b41fb49,0.1001
0x06020f527C640692542D542A4d25Fc104E8F46a5,0.1001
0xbDCaD8330C9b6687E80DcC7fA16343a6bFBEf119,0.1001
0xe80f586d33d7e5277aF092587B3eEC9e34406942,0.100086924681870655
0x4CddfF23d036E15fe786508FfA39B27F73b4A01a,0.100048632912207353
0xF481861810e0670B591B774434AD6c3f3Ad84e53,0.100012535361892892
0x0A6fA002d91aAF9B9e949038A80a1A64E0479b15,0.10001
0xAC611Bd2920482dbcB8a0847F240d7c7bEAC6B1E,0.10001
0x662f4516f706B70B6B08ccFe328DE14deb334a02,0.10001
0x0Fb8891714E5eD8Ba9ecc196fcA59e76f682fE35,0.10001
0x97D783e5581507429D9a83e3445B31a18DF24cb3,0.100001084451721112
0xbF907a9deC5268AC1D0ECa15ec073B265c7D2D33,0.100001
0x127287ae22AC9073F3b5d2aE8783314e7425eD0e,0.100001
0x27853FD2920513F1e7e4895a24458b7509cB9953,0.100001
0xEe1586A3dA74C139ECAE19FDC592DC0109e41542,0.100001
0xca52b8e2bB548Cfb303f796948815a3062D55b94,0.1000001
0x1a8eD260b711bC7E67e601b4dA3AB2e1431B0403,0.100000000002299644
0xc6334A606bDd3699a553fC47a81796234E217B3e,0.100000000000000006
0x25eab8ce9B76312346F3ecBC716b5dfCC61E4890,0.100000000000000006
0xAf853bbd2897468F3E085Fd43194E04F2D35744F,0.100000000000000006
0x5E322Df50350257C8F4CF4f856550DFf15c61245,0.100000000000000006
0x641a22417FeFd7182B63E21bdf7AB364bE9ba37c,0.100000000000000006
0x082033ED20De4EEdFfDaAB05155Dc7b2e30B13c2,0.100000000000000006
0xfA8Cf271ef7E753B6C10616F5188141C387c137d,0.100000000000000006
0x5824De1fb306d5101f83A2470034144a6054fa1C,0.100000000000000006
0x6A90Dad7e6eC8C324511b94d47D5a36781653C3F,0.100000000000000006
0x2738c5D892F8ee32cA3CE99dc6e3B0C88b29B179,0.100000000000000006
0xcbA9aA2974E7c1a770437c364E2a4FF73A404Ef1,0.100000000000000006
0xAE721fbc0Ca31425b88757463CA7E2a63e753e09,0.100000000000000006
0x540061C3A25A7cf20E4aA8C772F79A01d33555AE,0.100000000000000006
0x837229Fd5D9cB364bF1e46Dc7a8Cf9aacA85ae0e,0.100000000000000006
0xE6a9F1154C2B6038746eAbaD9640B2C3dAad8768,0.1
0xBC0058F8D33C7b4cCB224232A15e5CE953c7C3D2,0.1
0xBf23B4890E09490a798d6B9be8Bd25B4e5Ce27Ff,0.1
0xc887fAdC6baAa8cD234d9104A65b37265522b024,0.1
0x16174273B883ec5b2AD3bD9AEea08E67A2711D0D,0.1
0x4F1a63e53E67bE6Ba0f497D91a3259686d41A540,0.1
0x10e978bA1aCCA998543aEdeB5F15D0d3481B9053,0.1
0xA3DcD2Dd6e0dE852b076945980443B59743CA3c8,0.1
0x51c25230335472236853676290062c8C7a0825b6,0.1
0x40051F6ce83bd4fc2145958e262a784b09771658,0.1
0x6E7Ae8DEE2F39Eb521CcA1762e0dAdFCCd2E88B2,0.1
0xDE47D66e7430f7fcdB0CE812Fa2F0b33FB613026,0.1
0x90Df860F94825D2C4141E665954A20B58e232C4a,0.1
0x0C17Fd12B6BE93d92A07EE0F5408464Fd24dF78c,0.1
0x92d2BAb6Ad494D52eAEB320135d908b3DE46c26B,0.1
0x16764E86deaCbF550670497EA33dad6E00bAC3C9,0.1
0x8F6713B55BC024eedc031dD4008fF34Cb9730a35,0.1
0x8Ca78857f659DeaD7D7E27c9A2751295062Ca916,0.1
0x769A3B118400ce67A7Fe7A36af734153BbFb471c,0.1
0x847F7c038Ff50Ef63090aafBdB0d8fF1aE0522dC,0.1
0xD322b02Ff791843eBA6dD5BBae89e1BBbD8b0183,0.1
0x198d90e841A40aa6082404408daffF698415b4b0,0.1
0xC51E597faD33DB0f13BB3D24dDfF6165BfE952D0,0.1
0x0AA87373Ac510DA7f32882c73F6ab891F39830BC,0.1
0x567c009e056b2f22c52ce304393967668366eed8,0.1
0x2765718d7a07a46C3683293ecD562609eda0634e,0.1
0x26B69C0234CA04346585623e3ccEc72cB1D740bA,0.1
0x7E37181CfB28d1a04786faD50450D9ec1B41Fc0E,0.1
0x281fA9c54339abeB708E225358517D896C289925,0.1
0x7f64AC7586A053301a40c94C31d0233296c3FFB6,0.1
0x71628e347946Ee6452B68FaD8BE23CC235E2bCdd,0.1
0x1Ef1bE4bD142bECba39B92F927546c485b682070,0.1
0x224eC08b077F8B39Ec22699D6A1301BfD802D7C1,0.1
0xbfaA68c5D49E6F6B90c16Bc3a144Bf2BCd46b422,0.1
0xaD1283ea8DaCb53138940C1cF8625963AF56c37c,0.1
0x2C7145DcD85f409eDBC4Bb3256a3C78986FAe802,0.1
0x2a8600bBDAab254A2F8A8E00912799295C3DD601,0.1
0xd47De757F65d08B00E99831bD94252dDDEa1aF6F,0.1
0x258Ac68d526708d914c3d6dCecB269Cc9Fe5DdC8,0.1
0x04E0Fd79e542254e606AAa5b0752f0773cC7B943,0.1
0x819E4EDaA6fa372eac53A9C369658A0AA17Fb66b,0.1
0xd507D4Af71088BAfbf2eA0CdB6962694F850DE01,0.1
0x6cFfEA902C7b14417DE627e7631aBb108e35bfba,0.1
0x11cE2b5fb5C1505a012B3c6123Da1Bb4d11D83Bf,0.1
0x659ea3593431879Fbc470dF40451EA578C3503Ec,0.1
0x0599c44E9FC772180db42c604C8896705733abf5,0.1
0xb16bfD1fdA2083daAD1D262D4D46660910431704,0.1
0x17F7271Bd7357143999f78C51D621BFef7239170,0.1
0x34E42eBb4a02d5677fDB44c1d2A638d60F166d44,0.1
0x4F0c5e19E69bf847061e548f4B45B90E0953d32b,0.1
0xbd0468C0e18B0A64C631e4916637E451e181F980,0.1
0xEB8A043fc0837a09853a9712910B6565ef436700,0.1
0xf5D7C8731a6d34e2E0a5013dC871bcE1037a6870,0.1
0x532d04bF22CC55e2fA7B31b780fD19e4D03aF50F,0.1
0x4ABD608778CD3d15d10D5652F152b80A0D9c0492,0.1
0x7f9C6C3D8B074DEc0bB8FDCE88d20006A7c9077A,0.1
0x714dB7d5d4b939E264dC55A449F67852d663C619,0.1
0xD9BD4f9743e2C91AA8269f6FBD606d66150eA329,0.1
0x4e4D2780F534241D442B60622Cc75CFd24A665A1,0.1
0x4F9863f291fA1275E3DcCbF16Cf9569d4B3105B2,0.1
0xbA5405E6992c6Db06C75dCE0a903FE6d87Cf2226,0.1
0x2557fd5031754aA9440585DABDC39AB62583EB43,0.1
0x1C867eb0cADb4A97A8bEF51CF17281B7Ec4b3205,0.1
0x422D9Abd7b442Faf2e98B116ecd895F9ecf5127E,0.1
0xB3F4cF30e367B7D68B345273BaE13B1Cc592F7bd,0.1
0xe9BB04441b68f98c65beEa173EA93AEd4Dd8c560,0.1
0x004CaD75155Af30B36B33358047604B8A9227f6c,0.1
0xf17A57CC21b2d9Bbe8E2da1fa6a0F14a8c85FF1F,0.1
0xBB403D793DDa52f8512950953771B7c341086120,0.1
0x738175DB2C999581f29163e6D4D3516Ad4aF8834,0.1
0x288620543654fFe3F2D0DBA711D3C785723133Ee,0.1
0x244FE02FBCf4dB4Ad96063B161F00e444FC54011,0.1
0xF16323dB45ffDA53ADC9EEB30632009041069699,0.1
0xA4DeBF582dB3b3ab757C6aA12cB7c2886b224858,0.1
0xca64C94AF19686158E9883eA5C4671E3a5adDa9a,0.1
0x10dFE484477dce16A11451c54f31efb75f7c3F88,0.1
0xCf95BaDD7904CadFeF122291608078EFa67C1E41,0.1
0x8bea67D814FFB834Dcd2Fe4b1b1f35C70bcda420,0.1
0x74CE273D4f19EF1Cc72e96A2AC09367803e34eEf,0.1
0x72e41004dec35381AdB453DC63523197001c9701,0.1
0xa5fC9cda3EAB1D1EA111919A12435D5D4639c615,0.1
0xc77b3C609aEF4E9fAC6ac53862dED6b0edfE4e32,0.1
0xEE5CE06aCcCE11BC77c5A93723C8032D9108f22d,0.1
0x84B7cF53a2328B692A746A2E230Da0f16076A779,0.1
0x622aa5375B4EA0d8B6d9e5FB1348fa83f516ca31,0.1
0x16C1c28f2ae067dc21e970cBeC68aA757f7bFD89,0.1
0x65b4E64E3e6D4a155f8193eC608c1a49e914A7aF,0.1
0x8DC00a9eeD1e0D28cac01E96d050F703e408eB3F,0.1
0x8b7a5B22175614EE194E9e02e9fE0A1B5414C75E,0.1
0xbafBD8CD592159f25F2d4823a70D4ca5A1668644,0.1
0xa1311fB6CC47a13D1F2d55f386E8b15B9B1Ec8F1,0.1
0xD394cF7E0C9F7c89F81A2870C576c1910974047b,0.1
0x5338035c008EA8c4b850052bc8Dad6A33dc2206c,0.1
0x6e9b64BFDA74f962722B5628D3FD91f3e1dD2f19,0.1
0xe96ddCE476c0782A30F61bbA0826B8789f82FedC,0.1
0xb3d52E433f798D76B3DddFFf8fb96775887b8927,0.1
0xb85E29e352bDE588d58E0A675D40cfAF96b0edcF,0.1
0xf797DC0faC90845ACc632D3C8Ab02A8bEA51d518,0.1
0x5f8477ed15DDA5AB87F1B2876D442B99c91B13e8,0.1
0xdDd32eC0dcdc644b1F37D572eE19F85f2a1784d2,0.1
0x0a70f04e15943A1AC6b0e4015Ed2CDeB8Bfd42d8,0.1
0x5692c8F6E6CA36E317E309F47Dc3f1f926778861,0.1
0x1852Bd466b192D612EbF7a56b6FA9C88fe132261,0.1
0x7B4Bd67cB00E05fc1dDb3CD0D6b4AdddDdD5F1D5,0.1
0xB973e3905Fec79Dc116d14BeFf2A8FD12C79b86E,0.1
0x1128C4F60C25b4A6cC683A1e9978C9AA24c38a19,0.1
0xd86cE1Ed45d711390DB50D1c780588702DEF998C,0.1
0xF9D69D5FF3Ed35f44D3512BA2461070bB898b373,0.1
0x3a6590DBD1c191B2aaeB8294dB9e4C59ABc68f3b,0.1
0x84fB997fB2EF86F1fE6057A15D688a60617f8c12,0.1
0x6c9c83668F208d15eCcFC4dDDD3AA60a85096d9D,0.1
0xeAdf3F6B63Aea08e1500431d54F7bA09053dDDB3,0.1
0x79719169BB338A0fc2e9e4c19C94860bC025833C,0.1
0xAf7C34F02919ad385DC0B0b7a9F2e104F805FC76,0.1
0xf20e68a19AB255EA72aA7DC6E8Ffb33C1f59379F,0.1
0x6B787F43f9b22717C9DfcbCEB9E95A45d804985d,0.1
0x5bE2f49D897A8c4603960C457ffb466527A28Eae,0.1
0xa7f57Af0c99B6752e950c676FBc7Bd6c1f17d2b3,0.1
0x8756Da913378b865Cc6e5bbD8d403995A0b37567,0.1
0x97925f0A1e19E8334E7af54b153d0B5eE739197a,0.1
0x924D577f5D6fCa0E3e48AB4931d78198c724ddfC,0.1
0x4f4a54a708c253Ff5E1780F040927aB13854514c,0.1
0x69eE4be2E9b312f8B01AC21C67c7C6A7CEE7595A,0.1
0x8b1a4e0070330084fB7Fe2fDC50C030a39d4eC13,0.1
0x84C08B1DBe634093Bf07F00b3b7a3215191d0B02,0.1
0xDD2d400843f7617179ff260D87fDD67b39d3FA80,0.1
0x74d59a26Fe526B735Dc386316961b15A7cd1C3D6,0.1
0xE0f30486128c4dF8d7bBCe85358d0d86B9257C3f,0.1
0x0BC0F856a9406f8579ac2A99ec934243C8b9375b,0.1
0x787551ae0AB07dE8EB91d1535DBD37f379B0111D,0.1
0x460eEbdE20336aA615370f4B7b7A916E5656D4E6,0.1
0x7E42976FAF925DBaCeDD116A2b6a2BB5c9aDEf4F,0.1
0x8Fa86dBb45e569f9872d5c7C67e3e664545C8b48,0.1
0x60ca4a332243eC11354CA740bc2888a81F9e07f2,0.1
0x104525E3D1740A674Ad6C25C50D41f70E879F8F7,0.1
0x0701d19c4D9364b69Ca001061aE3eD169a40691B,0.1
0x3bD71E9D0D86727EDc56F3F54093a6720cD9F857,0.1
0x0CbE1fba05102c34365a742af159EfC5a93D1a68,0.1
0x0D3Ada2A0E63631e1515C208998bF63AD4882cEE,0.1
0xe126b3E5d052f1F575828f61fEBA4f4f2603652a,0.1
0x21aB54fe42Df33812524A9914c602a1bab700c4E,0.1
0x44C94b0bf6AC054911e43FCfEC33167E3C9BfCf0,0.1
0x722a131ef6961C3cb46d3667e0966d0AF431e60F,0.1
0x8c0d2B62F133Db265EC8554282eE60EcA0Fd5a9E,0.1
0x6E0b07f2E190B12c3980501225A7eDf5A0b8E4A5,0.1
0x325c08A558ff02F244F31Ba1e87Bf3c1b1C08f45,0.1
0x5e4e66aE687709C88bA8c6C074a6aF2D53208958,0.1
0x009ea1c1E52934090CD6a541B2C14e0a6a72a5bF,0.1
0xd874f0962a6CaA5F6B32E085A9C51c5d54E5884F,0.1
0x64E9d27AE8209DB08F93a8843B176b9e9f22240F,0.1
0xFb4A20c1447E8DBD204e83338994B55b26941cA2,0.1
0x7A3bE8cEE66C0C49aF458Ac90d4ACaA80123B395,0.1
0xf719550e63911E1Fa672d7886AA6c0110532A763,0.1
0xd9faB8f254C26b1a8ac12382e4c61BA8490235F5,0.1
0xA3E02F8910192ba0BBB0AF02B68123c93ecA3B94,0.1
0x783Fc1AAc1A58e095A918017953bCA79CECe4C0b,0.1
0x142ec4245e4e64b975FD0A5596BE8AbcC0378888,0.1
0x0D342C14B14044bff092418B1D05e2Ab8aB61c11,0.1
0x86494a5EB108CA2068a5bd55f617D430Bc6D5EBA,0.1
0xB8a9f91B4730ca612E1a38602100c39EB425c062,0.1
0x9A80B66902b2053feE6d3AfBef84d9CC0bd5c563,0.1
0x6745428660b2C154af3a8309358D0C92634d7461,0.1
0x770C3729b6a2E3570Ec8d16e571C40B2b5D375ee,0.1
0x4372F1c068a22111D4dE7e0e61Ab328B54F8813e,0.1
0x8f73B59E2Bf46FD615aE76599aFFe388b6989242,0.1
0xBdFC1bC3d50B2300392E26E5309b2D4a3405e036,0.1
0xD07D8163b321f5E975a4764179567E2181d3Bd3C,0.1
0xC7B42F99c63126B22858f4eEd636f805CFe82c91,0.1
0x83e4d58B2B9F990Ec1781586a2CaAF3Ea57Ff863,0.1
0x205317d90d0611B73D9E443fcD2F4470184B92e2,0.1
0x394bC1EE5687397b354943516D04f07b28967fF3,0.1
0x496030689Bbee22510cf41244fCe4D5eBE4fb767,0.1
0x6c99e8eA19074D37Badb3a2826bE8A1088e7877c,0.1
0x91623b85675608dEcE212EE1E650cCbc9332F93a,0.1
0x4Ea08d2A5173c5CbF8f021a6839444cAB3A4fCd9,0.1
0x336F6BECa25Aed6bc4B4F9E6eF5B3Eb415aEcA67,0.1
0x00c81736bca6617ff94dDC1D05E0f71EEA66f6e2,0.1
0x76446ce4606A18309bb211f71eA242f2a441C4C5,0.1
0xD6bc952fc5eCdBEB67528D6DDa3896695508c0d8,0.1
0xE139f85ec44519Efc33f48f28DC9d86A08E2D102,0.1
0x158e61A181959844D6Ac426a2A50eec065B3a943,0.1
0xfeaa535d0C6f25c120709238f665ecEAE0772527,0.1
0xfFCe05977D9bbB31a2AFEb10980F7e35247d1121,0.1
0x5Bca4075dFC8065235cF75C6b15B410e62845Fec,0.1
0xfe7f540c7f563b60FD7F676569D10306f629567B,0.1
0x170E127dea301fC5d513142ef130B6BEfA8F38CD,0.1
0x69443f4a0ca28a0e0dD05dB52E1298eBa9265173,0.1
0x00201B2F62622Fa4d6D6A51568884f622A6950cF,0.1
0x5Fc8d22b0bcf77a0Ed2623c4e10a3b4DBb9C55ba,0.1
0x61eA3873AC23062B60508bAe062cc8cFddEbD7D2,0.1
0x5142Ae374FB93F58Ecb48A27aAb3Ed2f638bba79,0.1
0x6A99FdA88B9Fc8d7cAb181B7AFD32dc301791900,0.1
0x81aB3dA89340FC6ee0F377506Ef8A3e7d985299B,0.1
0x25c372BEE31Bf94Fea4afA7d223788c871a3aE37,0.1
0xE65e641EF89d5Ff04b81b372110A41fE5dcac393,0.1
0xEcdeeDd870E935f407a46A8C94D6119BA189d8b3,0.1
0x08031Dfb74b228997D672Dd553C507D8ceF66A3b,0.1
0x54b5949F2D71793F300DC98f0dCb82a142989Cbc,0.1
0xC6396E9c1f875c3cb7967dF4B40C6124C260a41B,0.1
0x1c6Ad7e7E6A1Ff36D6297F2542AFD4f6aCCF2A18,0.1
0x06d5165e6ab21f898FB89BBf9F5256cA366fA228,0.1
0x63B65492eEbE74102e4774Eab5303eCAd75772c1,0.1
0xa2f68BFAd1a12984F2A58abF69628385DB2c85B8,0.1
0x664997FE27529758f4e6df3a8Ad5E130Ca6dd3b6,0.1
0x24668Bf7Cf97145a7046ecA265CBE375c27e2E8e,0.1
0xdd657d10811e26097e3A78A447264f1eFA2B3524,0.1
0x8aA60881Dde54833fd2e2186EE7a9661440c16A1,0.1
0xFA9812F92a66eAb059b2d085eC524d119cA9a090,0.1
0x3b10256766A47d39D3ED484cF7C6c10987d0F33a,0.1
0xc1439E2A7eb64DE0223287a0389Dc865F4d909E1,0.1
0xe6D8776Ccfc158FaAfccFb2A5B24F82FbaD04B3a,0.1
0xA52A39F46799931eaF81983d77185afb6783A35d,0.1
0xC4da3f9181ad368B1Bcd4a3E36cFE74cf2633967,0.1
0x43e548b9864BbABF0773f85752E844185c310c97,0.1
0x9bb2ec96349f389C5E7336288F82A3374c20E7D9,0.1
0x73680e4C6545b5CA2e36252dd522fC6bCA9527eC,0.1
0xB917F4D5b8008E5c161D84B9182b4DDE165034AA,0.1
0x840d7db13d2CB59866F69AfF3447fDC090bdfCC1,0.1
0x2861094e0E6eA78885Fb1F7b547F942dbd46eB1B,0.1
0x4e495afD0332bf5daa87421E0d5D35f2A51899F3,0.1
0x5017729A41F315075BbA1e669B0D8e8a5e4db8C6,0.1
0xb37E704DcF4f06D1079b94eee1ab953f5fD6F097,0.1
0xA5b6C4C99B8135E5eee96Bb89c7615904A94767b,0.1
0x541C38bD8E48D4Db3AF2E64006CdCA33C3f57cBF,0.1
0x5d7d6f679083f3ebFC6A510C418b4E1B2f754FAe,0.1
0xdCfCC77a2e690141432561a9746c125Bf6704380,0.1
0x898f3DED4caD52e2deF70CCeFCe7E3A2a16b87E1,0.1
0xF0d8544Ced5f44D6ee7dEe9addb7018f9e6b013D,0.1
0x2964010C0b4d75FB168bE9438EC0554130490040,0.1
0x3a90E70d822065444749111C618567E27d397EE7,0.1
0xc41daA23cafC50ec581C6a97870C7F59AC9d757d,0.1
0x1Ff16Ece4AAbC5EF384dD214d715658c514a978f,0.1
0x8C20d04b15C9Fa139153Ae1f98fb49eE0D0905A3,0.1
0x5998F46f171B7EFc912e19F1CFcb268CF32DFbA7,0.1
0x65BC9FfdC654fDb1dBb2B97bB0211d445fc9913b,0.1
0x104Ae81fE595286002e2F889C4186b1dbE9a0E59,0.1
0x2f0eF3A5aBfd7263617185988977Ff00144a9aC1,0.1
0x14b889B25e70f60D8Dc0aa5F10c83680add61351,0.1
0x33D367D04CC9df284beEe29F5d88b765b8330951,0.1
0x3A49309413793b32F6A308769220147feDbFfa5f,0.1
0x50dd57F50A17d57304e7A4F262Da30bEB31C2E87,0.1
0x17b1cB1AD28E8e8b038139e95CF6223ee7E8b572,0.1
0xe25C8CBE119c55dCEF5Ea372771f9365F52a115d,0.1
0x90Ab1288803275809DE5b1431bc78C5C9Ad48D54,0.1
0x67F155474eb685aEF6cd874169f25B3Bded6Aea6,0.1
0xC8dD40Ba1Bdb6A3f956904f02B14Db24013b8B5d,0.1
0xFC2a616D48a8681250Aaaf590404E20812e96cFa,0.1
0x5943111b15348A57f314C4a8F04dDd21d2863Ba6,0.1
0x77eE7Bf20CA7F373ed51726EbF1B29414bEf539c,0.1
0x0D08aD2Ab7893C04eCb460CBb6822B11c9E8904A,0.1
0xeE49f82e58A1C2B306720D0c68047CBf70C11FB5,0.1
0x1156a767b4De8af9F77Adc8F30313bbe7946B14D,0.1
0x6D851425b1bA9443c031128390A9E519a6b0892D,0.1
0x2e07dF27127b34d9D497aC9154309BF2740e1Ca7,0.1
0x2bEBa030cdC9c4a47c5aa657974840428b9fEfAc,0.1
0x06e26c5c30C0179C228405DBdA41d431a2a0c56F,0.1
0xead6605b9E105E28bd35e9F494131C10c1281ce9,0.1
0x4E535728423c1E89507b32984E20fF567e00D43C,0.1
0xaCd8C60B697e75323e84EE50193138f17Ab53c88,0.1
0x596EF02BA50184CB11a5D1D5409C32dA31b5f016,0.1
0x77424437E320fc70Ab04D983e259CA6e6e205C86,0.1
0x35F2383cfec184F9EdB1c787F865b0d3ba46367D,0.1
0x55eD65B72BbF83d068d3E55977d157DC12345678,0.1
0x0e832bf00a3596A09F73EE2417C0d0D8c4aeEBF9,0.1
0x56804e4A2976B72fBcb3e8aBE53A3C7616CA0dA5,0.1
0x6424FF9D34a597699ff3BfFb248F915cc112feC6,0.1
0x912EFC4f166566a6Ae47a78A886A8Ac03a031321,0.1
0x69A55B70c6b571895Ea4E7593517B4F7A7BA27D3,0.1
0x53A162b47249B9408900dAa79d2fE5a882DF763d,0.1
0xA513384e37D80900Ed8670EFa078B7446e201d99,0.1
0x1c9eF07C3b66A41Bc0cD18B6e11c5521e2e67A0F,0.1
0x659f33158e074D1b2934701094C3673044AAeB58,0.1
0xf2De46d9154eaaA516227cbB95F63e3574c839db,0.1
0xe15090DAB6C013da9A24FD7c9028460016DD53d8,0.1
0x530feE54fe41f3F57DCDAD39E3AB4DaB0277005A,0.1
0xD1bEA81DD97d4fCebc5b25686bdCa04DEFf3991F,0.1
0xc57b2900F3AB9b9BD4FFCdB8174Cd7665d0dA8bc,0.1
0x72b62F6F66Fe33fA140F46678194c0CCa1e61cc4,0.1
0xaF9f895d83862E7b1fC13057bEb2d0aCAf4E6c39,0.1
0xF9107317B0fF77eD5b7ADea15e50514A3564002B,0.1
0xd825838Cb93cA700a1E59eAA0798Fe9cD1B90e01,0.1
0x9983E16efB0bBA1BA5CA18c1CBA6bb743762f4d9,0.1
0x234d31BbbFba13CD2cEE222A08590707196dE4D2,0.1
0x9a9Bd6BA12Cdc23ECf3F0AAd5b144B3245Be1607,0.1
0x6513c98b54e82d5438F266638C711350800A64D9,0.1
0x1Cd596a6237CC6e8914F4FF50847C18b3B9B73d4,0.1
0xE051f428557A996637A7C79FB11631a949E63459,0.1
0xfafA9145E56B74b12Cb1557ADa15D30407f3a55A,0.1
0xa56356C918F15a5D9478Ac337600EE451F90B75f,0.1
0x433c8A73Bec1273561E4E2201649de12f20B7D58,0.1
0x7703e6c9bde1D2cD654405Ec9Ad40df5D3443AD4,0.1
0xD26E6Fd1C4cA46be50286aBEDCD26332199DD3b1,0.1
0x33023b6d78edFeDe26Cf9f14c259bb7638cc1318,0.1
0x036d78c5e87E0aA07Bf61815d1efFe10C9FD5275,0.1
0x982E09EBd5Bf6F4f9cCe5d0c84514fb96d91c5F9,0.1
0x34b5f399cc5A1dD491666c9866941FB8E8D09746,0.1
0x35a9BFD953b4A9b7b64718c5A0988FA6a88F1ce5,0.1
0xc02552B827Cc96D396533Dee4b8fCFCB8ddA9fdc,0.1
0x2d55Be349f2b599B1185Dc61368F72acA3cA2285,0.1
0x13E610380b21D2075008fd4b626B36d9E70C2dDb,0.1
0x133742030386619945B5c937b1294119321d78ca,0.1
0x2de0B8a75cFdB9b149fB451E2080Fc6a59E58AB3,0.1
0xD14f8cDCb93D012C774c70EbD0AFB4b8BDaCc2D6,0.1
0x88D15351779522cD232f834555cb5b3e9Ba69420,0.1
0x1761280155D13A4fD0CDf4A16e88Aa5159f92FF0,0.1
0x0000000367ba4371CB48816a1cf2F3902448f1Bc,0.1
0xf00bae4D8266000aA5C012baa693D8C12E4edF08,0.1
0x528BBd338250Cda97fC652f5bFA0ECe3057952E8,0.1
0xF9F56b6dc4c297b0d942B0e03F7E67D6dD0ed7BE,0.1
0x74045116edD9359CBcB608F3Cc026DAcFB9ED8d1,0.1
0xD2AC479d7F5F792f40129B47441Ab56e47de86cF,0.1
0xDe3168cE3C84556E4d4F500D2cEdBcAa91130BEf,0.1
0x1a65ca384EB9941215cE468747477bfb3895f386,0.1
0x866d058f2cE9DA04138227F1e8D06c3f3E5604af,0.1
0xe89069529689849588CD65344c034A35289F44ea,0.1
0x461e76A4fE9f27605d4097A646837c32F1ccc31c,0.1
0x57efbe536d87B738E42740920b99Fd820Ac41777,0.1
0x61D0Ea212b35721e021F56094603165A92410c19,0.1
0x681dd11aA7aDF3b4261Ba3547d3F911765Dd5Fe5,0.1
0x5b3AB92E283EAdf2CF71a529f2764BBa5Bff462b,0.1
0x9A7751ED3560D9a0Ed0A33d6993A95d873023D8D,0.1
0x6781728dB576273870FFbb9Ad7d1C3F5AA358C50,0.1
0xA09f8241F0837eF6769a6d61350f820a92b33A96,0.1
0xe0D62CC9233C7E2F1f23fE8C77D6b4D1a265D7Cd,0.1
0x9977baBeC14daAE6Dd6c1DBb02d3C169356AEac5,0.1
0x3aF7f85584184F63b533e547E255AE7265EE6A90,0.1
0xd815FEaeb858838690440F7298Eb0465b27a7Ff4,0.1
0x720D330816aFd75A72e012F8D669A19918483375,0.1
0x94eF50aFAc9c04572813F36Fb8D676EB400de278,0.1
0x7032739876E32b1256e62d17C88c011815D53362,0.1
0x2d3dbCB2929AFe8e9aA700EF41D14fff85bb91f5,0.1
0xF45087415e565dCc797d553012Ca900E2C2fFe84,0.1
0x0d1ACD8aF746C64cef7F880F8a0E7D4c3FcC44E8,0.1
0x26013B787AAc632a92483f669E2De85103ad2536,0.1
0x9679a83EED712B859fAf2BfCfDA36658E3C5FF6B,0.1
0x4a3172c5879ab244d53ed2eEf38dDc1bD8ACaCcb,0.1
0xcc7Db5afeC26e1D9dfd366C1E9050472b7854700,0.1
0x6D431ae1e8ff26de98d8DAAAfb5B48877CF20211,0.1
0x570218F0686eacC4909E10a0D9B1A621555c2ad5,0.1
0x072b4b0810BADCC50A4d469b27619eA8b0B8f064,0.1
0x05227e4FA98a6415ef1927E902dc781AA7eD518a,0.1
0xa2D638ADa840080dE73971e49A52EaF00ce18474,0.1
0x9b7fEb7510C2162be71991798319Fc89eeA7A1cb,0.1
0xc35795A4b9b52125ac3CC698D05741Ff6f772C62,0.1
0x7f486d222C2cE0d1Fa51be7A6f48a633Bfa88918,0.1
0xb3C95418FfaB63A4a6643E159047283Ce500A6Fc,0.1
0xBB030A0408EDC41F3C61ba3f132C06e93EdA68f4,0.1
0x3c2B4bDCD2F742C55186fc599Cb733a127E2b8ab,0.1
0x62Ac381A3fAF7b1f12072F7F1aeEa221CbAF4BfD,0.1
0x97c4ee7d410A01D4896e68aE193854c5627cFF4d,0.1
0xee53605c08d8a3CD07F2A4e0C83cB4054D6e2573,0.1
0xa9af9a1fBBa35F0138D959bB95FE3399A3d8B158,0.1
0x379f75D14F5822e3491d4618f9517a99f881Da0a,0.1
0xf19F1C9b5985A3e1B999E95Ba3CC4f591a2dC019,0.1
0xaAdFd5DC40fc365F3A89a0cEbDAE493b6b528cdD,0.1
0x0bD3cD41Ef6E069c39f30724db3682ac20d93C41,0.1
0xFc6014BC174483Ed14Ea9567cB0a14bf3aD9E13d,0.1
0x6bd5d1619FAf67CCCE5e7eB49b8985fb84BEAe86,0.1
0xeed289A3098B7fbecD2Bb377C4b322955Af49784,0.1
0x94bf2eca7F8D4Bd7c85d5096Fb83C72CE6D3C08e,0.1
0xe95Ab07A55e8489FE8E81e3281c8b3fD95C7D8AF,0.1
0xFC563b315403f488Eab561a1c730386Eb68F685E,0.1
0x3ECD6A57d7C4670046d71dDC9bC0F05E0659ffCb,0.1
0x082767AE42e09b5817703969A86Fff77a38F1A52,0.1
0x51b58094fCCeb49174a4F7d5EEfb012ba6461c51,0.1
0xE9113fC3D432283f1bd2fef2b0e8a71794D76522,0.1
0x7caA9f43822e288782e3e8797C8A16774C689b3D,0.1
0x97d4f78F5E4587A7F0AFf3775666EC58F8352F6a,0.1
0x7A70536c4D695B1Ec9DF972e91461E834bfB00e8,0.1
0xd2A0c3323FCff922f698f12862c2623EBD1798E1,0.1
0x47024c554FAC0863391DfA6FC36DEDA9e31C70Cf,0.1
0x97618f26046f44135aF37417e67d84DBd4Fdf926,0.1
0x7A2496F32B48d99A279493fAA3De12b7b9d75037,0.1
0xFb1369548E5b8768CA2C3aDA0556606bD7d8B615,0.1
0xf9dbd46Ec67dAD36794FE788C29147e00fc25fE7,0.1
0x4af60E76f51c36a3b424c2D94fD70A7D3B85953d,0.1
0x0E0f542667f086F776025Ba7F76fBd8F4e413Fb4,0.1
0xBF2C089F3e9d23aa7D124c4B4E8371A54300fD5e,0.1
0x5748c84cd70fF4F0c36A2E4793137A3d02D7b8A6,0.1
0xC53Bc916dF17604c74E5fE24Dc592Ab60dAbd6E5,0.1
0x0809C294ECA32F118624104e43b45c8Fa3331aE0,0.1
0xac5f1c6Cd153D303A442fF93b60521750B3890d4,0.1
0xE4D93e8812d165242c933104ce7b5ef96e2BAc37,0.1
0xF48e1153e39e7564B1B74037cA30E903e509Ac85,0.1
0xFe90b905021c07feA863DB962a5873961757D20C,0.1
0x104740AcF2574cA60514e4E83A8177d7D013e7FA,0.1
0x6A45B137c9681cf3CF531Eb61E68545779FACC36,0.1
0x0817E382a40d484A8b90C792b399667174E50aB8,0.1
0xd951632074FFA6371b9741C140af32CB34d94a5F,0.1
0x9d5549104d89fa78a000D51D42757DAaAeD1bAe3,0.1
0x6a8fBDcD862fd48398dec9D50F2035217FE5CC0C,0.1
0x05D047c173aDA84f3f04aD44Ec7E781ef32635C8,0.1
0xC81Efdfb56687a276935A15DfB08E33Fa500Db7E,0.1
0x39aC5bB0aC8F547d9DABD402059754B089774291,0.1
0x3783c1b214dfB339b5291cb8eA2CE9dE6998b9A7,0.1
0x29900c91B8A0CEB1fbf0E32230e496B3d457827E,0.1
0xdA27937582B0ed4211e9C322778658b7B151e44d,0.1
0xab68e19e0d8eB621C35A4ee8fdEc1C6005E5E4bc,0.1
0xf42FD5F1f398c8EB827d65BcF67007E89b992008,0.1
0x5b80e0B0A2311A9CB0082e7CD7AAE765CDB6af58,0.1
0xEa8b0663D5f38E8410EC7b0736f9227076B3B415,0.1